Name,Linkedin
Samar Bhasin,www.linkedin.com/in/samar-bhasin-698b2b9
Sunil Savaram,www.linkedin.com/in/samar-bhasin-698b2b9
Ravi M,www.linkedin.com/in/samar-bhasin-698b2b9
Mukesh Bhardwaj,www.linkedin.com/in/samar-bhasin-698b2b9
Yaswanth Kumar Rayapati,www.linkedin.com/in/samar-bhasin-698b2b9
Vishal Jagtap,www.linkedin.com/in/samar-bhasin-698b2b9
Suraj B.,www.linkedin.com/in/samar-bhasin-698b2b9
Ketan Sabnis,www.linkedin.com/in/samar-bhasin-698b2b9
tushar patil,www.linkedin.com/in/samar-bhasin-698b2b9
Jagdish Lomte,www.linkedin.com/in/samar-bhasin-698b2b9
